estimates_1,estimates_2,estimates_3,wall_time,cpu_time,gen_states_1,gen_states_2,gen_states_3,gen_states_4,gen_states_5,gen_states_6,gen_states_7,gen_states_8,gen_states_9,gen_states_10,gen_states_11,gen_states_12,gen_states_13,gen_states_14,gen_states_15,gen_states_16,gen_states_17
-0.821073025752521,0.882591084046852,0.479003376012994,92.6428261,68.46875,0,0,0,0,0,0,0,0,1,0,3,2,5,4,7,6,0
-0.582197440343195,0.916601043365587,0.337858105259888,141.931277,109.859375,0,0,0,0,0,0,0,0,1,2000,3,2,5,4,7,6,0
-0.985644854900511,0.861059519316577,0.564171042062355,147.4031286,105.203125,0,0,0,0,0,0,0,0,1,4000,3,2,5,4,7,6,0
-0.463897928010665,0.933247059323236,0.285736442221266,214.2030671,156.3125,0,0,0,0,0,0,0,0,1,6000,3,2,5,4,7,6,0
-0.914398854760609,0.869899192059542,0.523339893685531,112.2819649,79.703125,0,0,0,0,0,0,0,0,1,8000,3,2,5,4,7,6,0
-0.732707187535843,0.895016312049005,0.438577573105676,72.9655522,51.5625,0,0,0,0,0,0,0,0,1,10000,3,2,5,4,7,6,0
-0.661231134825322,0.90610650836359,0.392491456309159,157.6220397,113.765625,0,0,0,0,0,0,0,0,1,12000,3,2,5,4,7,6,0
-0.614529177284456,0.911358436933632,0.360098024264412,295.5573278,208.09375,0,0,0,0,0,0,0,0,1,14000,3,2,5,4,7,6,0
-0.572626332749956,0.918077639577264,0.339580260635766,171.938488,121.671875,0,0,0,0,0,0,0,0,1,16000,3,2,5,4,7,6,0
-0.516862430518154,0.927724092564215,0.33226055970516,410.3299374,292.796875,0,0,0,0,0,0,0,0,1,18000,3,2,5,4,7,6,0
-0.574855599111524,0.917673738577854,0.377863736698505,284.7013123,205.6875,0,0,0,0,0,0,0,0,1,20000,3,2,5,4,7,6,0
-0.588856083384198,0.914682958722145,0.377361894651702,261.6473835,186.90625,0,0,0,0,0,0,0,0,1,22000,3,2,5,4,7,6,0
-0.680860215558953,0.90287958937046,0.353187397164272,193.5869776,140.28125,0,0,0,0,0,0,0,0,1,24000,3,2,5,4,7,6,0
-0.755731933733101,0.891539533809738,0.456775000752773,186.4362113,133.78125,0,0,0,0,0,0,0,0,1,26000,3,2,5,4,7,6,0
-0.660982488320859,0.904949484538513,0.386383240220771,271.0882567,194.140625,0,0,0,0,0,0,0,0,1,28000,3,2,5,4,7,6,0
-0.664253843954961,0.90611695531257,0.382177547023567,247.8852386,180.265625,0,0,0,0,0,0,0,0,1,30000,3,2,5,4,7,6,0
-0.814877206854555,0.884309171141658,0.427734165209296,125.4842746,89.171875,0,0,0,0,0,0,0,0,1,32000,3,2,5,4,7,6,0
-0.703689663757206,0.89917898400353,0.353924246121888,107.3866976,75.546875,0,0,0,0,0,0,0,0,1,34000,3,2,5,4,7,6,0
-0.603511311170507,0.914538872580336,0.343290509987687,252.7189398,184.203125,0,0,0,0,0,0,0,0,1,36000,3,2,5,4,7,6,0
-0.723000478853721,0.896844246012535,0.396389264580811,129.9871971,96.5625,0,0,0,0,0,0,0,0,1,38000,3,2,5,4,7,6,0
-0.858020064877558,0.876356055046358,0.467757684531695,184.3303324,132.9375,0,0,0,0,0,0,0,0,1,40000,3,2,5,4,7,6,0
-0.854635912685496,0.879661470624921,0.466071809531074,171.9222419,124.671875,0,0,0,0,0,0,0,0,1,42000,3,2,5,4,7,6,0
-0.912705562637543,0.869719865309349,0.411534899612903,283.8913709,202.71875,0,0,0,0,0,0,0,0,1,44000,3,2,5,4,7,6,0
-0.630311211522876,0.90944035683368,0.349421571300859,85.4387412,64.03125,0,0,0,0,0,0,0,0,1,46000,3,2,5,4,7,6,0
-0.636072613328611,0.907664492656538,0.345354983886717,284.7908422,210.53125,0,0,0,0,0,0,0,0,1,48000,3,2,5,4,7,6,0
-0.834086222695117,0.880990506176934,0.413099724345811,169.4694482,126.421875,0,0,0,0,0,0,0,0,1,50000,3,2,5,4,7,6,0
-0.445845328313469,0.935261504158513,0.304635155122007,218.287232,158.0625,0,0,0,0,0,0,0,0,1,52000,3,2,5,4,7,6,0
-0.787873900655287,0.886795140891657,0.423862415256028,175.6924157,124.75,0,0,0,0,0,0,0,0,1,54000,3,2,5,4,7,6,0
-0.793124631688018,0.887430611674529,0.392688353442474,122.3600226,86.75,0,0,0,0,0,0,0,0,1,56000,3,2,5,4,7,6,0
-0.530256448429531,0.924083951064825,0.385118497997744,191.7396045,136.484375,0,0,0,0,0,0,0,0,1,58000,3,2,5,4,7,6,0
-0.687480236924746,0.902258252609764,0.450726486483086,89.6353957,64.484375,0,0,0,0,0,0,0,0,1,60000,3,2,5,4,7,6,0
-0.621858771235748,0.911143391084948,0.375924603223477,346.0025479,250.078125,0,0,0,0,0,0,0,0,1,62000,3,2,5,4,7,6,0
-0.804718302436028,0.885439272094601,0.412952121059026,138.4573493,99.625,0,0,0,0,0,0,0,0,1,64000,3,2,5,4,7,6,0
-0.545618336650542,0.921584650206643,0.353466293514592,120.9322186,87.828125,0,0,0,0,0,0,0,0,1,66000,3,2,5,4,7,6,0
-0.707671991035254,0.898159554550524,0.429594829335285,120.839295,87.0625,0,0,0,0,0,0,0,0,1,68000,3,2,5,4,7,6,0
-0.850263534617575,0.878124509780774,0.448916924501512,320.6089465,229.03125,0,0,0,0,0,0,0,0,1,70000,3,2,5,4,7,6,0
-0.660952388156905,0.906292491291611,0.400797807003613,125.3961941,89.65625,0,0,0,0,0,0,0,0,1,72000,3,2,5,4,7,6,0
-0.765384479829879,0.890196332847913,0.388551524308355,163.2507709,119.015625,0,0,0,0,0,0,0,0,1,74000,3,2,5,4,7,6,0
-0.721249702637609,0.895921623285029,0.385607572782906,191.4848088,139.34375,0,0,0,0,0,0,0,0,1,76000,3,2,5,4,7,6,0
-0.707973169120376,0.898617583485069,0.3830508967272,105.3751381,78.421875,0,0,0,0,0,0,0,0,1,78000,3,2,5,4,7,6,0
-0.741034007565742,0.893485392402456,0.401238421097662,105.6405566,76.671875,0,0,0,0,0,0,0,0,1,80000,3,2,5,4,7,6,0
-0.832626519265848,0.882686986505157,0.460083355882386,148.8564817,108.734375,0,0,0,0,0,0,0,0,1,82000,3,2,5,4,7,6,0
-0.606118628285571,0.911680664857861,0.335751796077834,295.2381432,212.921875,0,0,0,0,0,0,0,0,1,84000,3,2,5,4,7,6,0
-0.663628132709161,0.90562056053251,0.347497703329631,112.1525884,82.984375,0,0,0,0,0,0,0,0,1,86000,3,2,5,4,7,6,0
-0.748162177115273,0.89288621997251,0.485421517372811,82.5711774,60.265625,0,0,0,0,0,0,0,0,1,88000,3,2,5,4,7,6,0
-0.788262629882364,0.888063253354269,0.430989896707426,124.6563154,91.703125,0,0,0,0,0,0,0,0,1,90000,3,2,5,4,7,6,0
-0.689925425962966,0.900385559567051,0.444349121352598,119.8274024,85.671875,0,0,0,0,0,0,0,0,1,92000,3,2,5,4,7,6,0
-0.74923657006038,0.892756739718666,0.422304143654298,140.8287297,101.71875,0,0,0,0,0,0,0,0,1,94000,3,2,5,4,7,6,0
-0.471179594054897,0.930378065907137,0.318672748641015,238.6437125,172.734375,0,0,0,0,0,0,0,0,1,96000,3,2,5,4,7,6,0
-0.496510103665535,0.927535462588331,0.305011181858967,318.859866,222.59375,0,0,0,0,0,0,0,0,1,98000,3,2,5,4,7,6,0
-0.630241500790548,0.908234086790431,0.406232380577083,150.6260711,109.578125,0,0,0,0,0,0,0,0,1,100000,3,2,5,4,7,6,0
-0.650571552840921,0.90703239620254,0.387036083459938,233.5999721,166.828125,0,0,0,0,0,0,0,0,1,102000,3,2,5,4,7,6,0
-0.6138286675137,0.911084876204561,0.370881328860787,309.3962124,223.515625,0,0,0,0,0,0,0,0,1,104000,3,2,5,4,7,6,0
-0.763400910091163,0.89147270210767,0.420034306760965,85.1815577,61.484375,0,0,0,0,0,0,0,0,1,106000,3,2,5,4,7,6,0
-0.778687786716374,0.888788209678987,0.442546267021283,92.7010661,67.265625,0,0,0,0,0,0,0,0,1,108000,3,2,5,4,7,6,0
-0.719951523664142,0.896328066480132,0.413140629373936,567.035104,410.140625,0,0,0,0,0,0,0,0,1,110000,3,2,5,4,7,6,0
-0.904843836305792,0.870102689957103,0.453218858611694,218.3550453,157.84375,0,0,0,0,0,0,0,0,1,112000,3,2,5,4,7,6,0
-0.603402857125638,0.913634351325232,0.333393264655059,121.419563,86.359375,0,0,0,0,0,0,0,0,1,114000,3,2,5,4,7,6,0
-0.752300612105851,0.891895675875911,0.45884961480169,129.3135456,94.234375,0,0,0,0,0,0,0,0,1,116000,3,2,5,4,7,6,0
-0.736084741242126,0.894927449875041,0.401249010801062,174.7663456,125.671875,0,0,0,0,0,0,0,0,1,118000,3,2,5,4,7,6,0
-0.739351863713761,0.893435575342538,0.435313724465941,114.8132839,82.265625,0,0,0,0,0,0,0,0,1,120000,3,2,5,4,7,6,0
-0.815347209522366,0.883192642080587,0.467976260915408,100.0520589,73.4375,0,0,0,0,0,0,0,0,1,122000,3,2,5,4,7,6,0
-0.543005079285344,0.921864046752683,0.34891327891093,205.8951812,146.953125,0,0,0,0,0,0,0,0,1,124000,3,2,5,4,7,6,0
-0.849689053998177,0.878551112498678,0.466630977052696,211.7556835,151.359375,0,0,0,0,0,0,0,0,1,126000,3,2,5,4,7,6,0
-0.609950331562868,0.912975474705608,0.361704973242022,138.8826158,100.4375,0,0,0,0,0,0,0,0,1,128000,3,2,5,4,7,6,0
-0.84784150267249,0.87947672454425,0.462085134484365,132.9691103,96.046875,0,0,0,0,0,0,0,0,1,130000,3,2,5,4,7,6,0
-0.792043426093684,0.885903160610208,0.371208264156269,98.1205084,70.625,0,0,0,0,0,0,0,0,1,132000,3,2,5,4,7,6,0
-0.854504723285597,0.876989720062098,0.406332677382513,144.2466327,102.515625,0,0,0,0,0,0,0,0,1,134000,3,2,5,4,7,6,0
-0.584612272635746,0.91561249946404,0.324483499373284,247.2436013,178.328125,0,0,0,0,0,0,0,0,1,136000,3,2,5,4,7,6,0
-0.620030154850367,0.911637416547929,0.3544775678127,126.3131392,92.078125,0,0,0,0,0,0,0,0,1,138000,3,2,5,4,7,6,0
-0.478434565716034,0.931049644381441,0.325550764947423,194.122121,141.21875,0,0,0,0,0,0,0,0,1,140000,3,2,5,4,7,6,0
-0.821877737200489,0.88454064725182,0.428450497763598,122.1086485,89.1875,0,0,0,0,0,0,0,0,1,142000,3,2,5,4,7,6,0
-0.722141430044285,0.895615124172359,0.397906385994365,158.2720446,114.9375,0,0,0,0,0,0,0,0,1,144000,3,2,5,4,7,6,0
-0.676609637676178,0.903930228512007,0.391644014547012,79.0484047,57.328125,0,0,0,0,0,0,0,0,1,146000,3,2,5,4,7,6,0
-0.756016611338204,0.890599835252398,0.397677769693017,146.6429301,108.265625,0,0,0,0,0,0,0,0,1,148000,3,2,5,4,7,6,0
-0.872163509084266,0.875866170812898,0.47225783355188,293.4601873,212.4375,0,0,0,0,0,0,0,0,1,150000,3,2,5,4,7,6,0
-0.524364020913403,0.925794315378265,0.31641353171278,138.9075137,97.53125,0,0,0,0,0,0,0,0,1,152000,3,2,5,4,7,6,0
-0.58415036197923,0.917393492329435,0.362175203136618,202.737062,144.078125,0,0,0,0,0,0,0,0,1,154000,3,2,5,4,7,6,0
-0.527735067987979,0.925232889345852,0.31382627284972,90.2389633,64.125,0,0,0,0,0,0,0,0,1,156000,3,2,5,4,7,6,0
-0.655172764178656,0.90674518908721,0.354689415564781,108.7962068,77.84375,0,0,0,0,0,0,0,0,1,158000,3,2,5,4,7,6,0
-0.84634890593605,0.879834903287722,0.453354883714558,134.7364873,96.34375,0,0,0,0,0,0,0,0,1,160000,3,2,5,4,7,6,0
-0.754526016906104,0.892983109607777,0.401133966823151,175.8148155,129.734375,0,0,0,0,0,0,0,0,1,162000,3,2,5,4,7,6,0
-0.995335293326028,0.859934237044972,0.505135196379602,75.2947001,54.671875,0,0,0,0,0,0,0,0,1,164000,3,2,5,4,7,6,0
-0.956154395137929,0.863331731936564,0.48203302581059,184.5437451,131.921875,0,0,0,0,0,0,0,0,1,166000,3,2,5,4,7,6,0
-0.728241359788248,0.896797630718868,0.399188661020963,167.1538272,120.625,0,0,0,0,0,0,0,0,1,168000,3,2,5,4,7,6,0
-0.997412395932116,0.857256072901226,0.519562381357773,212.4866221,151.046875,0,0,0,0,0,0,0,0,1,170000,3,2,5,4,7,6,0
-0.663123814887409,0.905099708389314,0.394803515636511,110.3296156,79.5625,0,0,0,0,0,0,0,0,1,172000,3,2,5,4,7,6,0
-0.599416409335076,0.915194918607348,0.386855635996389,168.1632522,119.765625,0,0,0,0,0,0,0,0,1,174000,3,2,5,4,7,6,0
-0.792026698973086,0.888773544792981,0.423364682100694,91.0130332,64.84375,0,0,0,0,0,0,0,0,1,176000,3,2,5,4,7,6,0
-0.653864856595917,0.907103490500341,0.411659133152724,113.561454,80.921875,0,0,0,0,0,0,0,0,1,178000,3,2,5,4,7,6,0
-0.59264134435207,0.914377939500822,0.403039262268215,99.204255,69.578125,0,0,0,0,0,0,0,0,1,180000,3,2,5,4,7,6,0
-0.864522183524581,0.87658746844124,0.442104550617,83.5698136,59.5625,0,0,0,0,0,0,0,0,1,182000,3,2,5,4,7,6,0
-0.670803118268022,0.905814670337978,0.412313154652022,134.7907478,95.953125,0,0,0,0,0,0,0,0,1,184000,3,2,5,4,7,6,0
-0.500444542952891,0.928723078872264,0.347311829390025,295.0226712,214.296875,0,0,0,0,0,0,0,0,1,186000,3,2,5,4,7,6,0
-0.714255947152894,0.896734711778018,0.43228464222819,124.1554693,91.78125,0,0,0,0,0,0,0,0,1,188000,3,2,5,4,7,6,0
-0.515382457043762,0.926030255928337,0.383611570555555,87.5562168,64.953125,0,0,0,0,0,0,0,0,1,190000,3,2,5,4,7,6,0
-0.603123453784463,0.912890621201975,0.37791878393207,278.4999474,194.65625,0,0,0,0,0,0,0,0,1,192000,3,2,5,4,7,6,0
-0.497681782091569,0.928696574539182,0.385074042586439,261.5340771,173.828125,0,0,0,0,0,0,0,0,1,194000,3,2,5,4,7,6,0
-0.858323271028131,0.876743200153633,0.498797057852546,153.1708366,100.171875,0,0,0,0,0,0,0,0,1,196000,3,2,5,4,7,6,0
-0.575652421688338,0.917860961173836,0.377663658463392,95.729299,59.609375,0,0,0,0,0,0,0,0,1,198000,3,2,5,4,7,6,0
-0.785023005242447,0.886472504228726,0.393913536188808,173.0078478,134.21875,0,0,0,0,0,0,0,0,1,0,3,2,5,5,7,6,0
-0.678331622560943,0.901151558992097,0.376976173337137,240.3684223,174.921875,0,0,0,0,0,0,0,0,1,2000,3,2,5,5,7,6,0
-0.596620243362428,0.914462347166833,0.382676482063018,111.8261234,83.140625,0,0,0,0,0,0,0,0,1,4000,3,2,5,5,7,6,0
-0.838010935606495,0.881154740112873,0.443666598413622,182.5635374,131.078125,0,0,0,0,0,0,0,0,1,6000,3,2,5,5,7,6,0
-0.982634780091939,0.859930644693944,0.467910143816803,167.0305764,123.453125,0,0,0,0,0,0,0,0,1,8000,3,2,5,5,7,6,0
-0.854037653612277,0.878562605199264,0.463168917078235,128.7305413,92.75,0,0,0,0,0,0,0,0,1,10000,3,2,5,5,7,6,0
-0.564481458919669,0.918946536612309,0.381007060385979,307.4350357,223.21875,0,0,0,0,0,0,0,0,1,12000,3,2,5,5,7,6,0
-0.670203465942905,0.904049532841125,0.393306436586402,75.7778206,54.78125,0,0,0,0,0,0,0,0,1,14000,3,2,5,5,7,6,0
-0.904359875315234,0.870828379143943,0.422007163061542,267.8070464,196.390625,0,0,0,0,0,0,0,0,1,16000,3,2,5,5,7,6,0
-0.652672574375024,0.906104313233976,0.39544740419268,96.2061527,69.8125,0,0,0,0,0,0,0,0,1,18000,3,2,5,5,7,6,0
-0.828832639171794,0.881017177939863,0.405230715723564,166.8056394,120.5,0,0,0,0,0,0,0,0,1,20000,3,2,5,5,7,6,0
-0.590455619076629,0.916015585837777,0.380456875171937,142.4614714,103.671875,0,0,0,0,0,0,0,0,1,22000,3,2,5,5,7,6,0
-0.708723269085086,0.899281705751312,0.382378821892791,87.1856818,63.5,0,0,0,0,0,0,0,0,1,24000,3,2,5,5,7,6,0
-0.580903357371065,0.916041476428494,0.358492146094627,203.2769759,148.375,0,0,0,0,0,0,0,0,1,26000,3,2,5,5,7,6,0
-0.740960308929523,0.893416977019157,0.434352635777261,187.1935044,138.75,0,0,0,0,0,0,0,0,1,28000,3,2,5,5,7,6,0
-0.646828913917281,0.907760809298813,0.373977273332193,175.9415306,129.578125,0,0,0,0,0,0,0,0,1,30000,3,2,5,5,7,6,0
-0.863018423925037,0.875044811322702,0.478795192311552,162.2940857,120.15625,0,0,0,0,0,0,0,0,1,32000,3,2,5,5,7,6,0
-0.706332134628647,0.898151347635299,0.372353315361401,188.4750854,135.734375,0,0,0,0,0,0,0,0,1,34000,3,2,5,5,7,6,0
-0.556405616619309,0.920114882462182,0.379124540065353,225.553221,161.65625,0,0,0,0,0,0,0,0,1,36000,3,2,5,5,7,6,0
-0.598738556288225,0.913249030292576,0.394585363824227,193.4012197,137.53125,0,0,0,0,0,0,0,0,1,38000,3,2,5,5,7,6,0
-0.999993635979573,0.857692834269475,0.509829664367012,88.8215149,66.28125,0,0,0,0,0,0,0,0,1,40000,3,2,5,5,7,6,0
-0.843228646997651,0.879951081292531,0.45355219603575,224.194216,164.46875,0,0,0,0,0,0,0,0,1,42000,3,2,5,5,7,6,0
-0.541953809066865,0.92350722443467,0.377661135559134,118.4448326,87.65625,0,0,0,0,0,0,0,0,1,44000,3,2,5,5,7,6,0
-0.838164689588784,0.880358378225842,0.431541938988457,60.7699842,45.25,0,0,0,0,0,0,0,0,1,46000,3,2,5,5,7,6,0
-0.602469747241139,0.914807628437648,0.38318166600359,202.6084164,146.953125,0,0,0,0,0,0,0,0,1,48000,3,2,5,5,7,6,0
-0.798960862022294,0.887406175788237,0.400085123773808,109.6447612,80,0,0,0,0,0,0,0,0,1,50000,3,2,5,5,7,6,0
-0.691694537781792,0.901597780988158,0.357686464678008,266.9754319,191.625,0,0,0,0,0,0,0,0,1,52000,3,2,5,5,7,6,0
-0.999979966061277,0.857975421490716,0.511934579038111,109.2585278,83.34375,0,0,0,0,0,0,0,0,1,54000,3,2,5,5,7,6,0
-0.623182082356504,0.912167916784907,0.363925861427565,137.6298799,100.390625,0,0,0,0,0,0,0,0,1,56000,3,2,5,5,7,6,0
-0.649996652621921,0.907725463538923,0.399983489648867,198.6818009,143.640625,0,0,0,0,0,0,0,0,1,58000,3,2,5,5,7,6,0
-0.999888185950673,0.857247858791559,0.538222318148795,208.6267532,157.8125,0,0,0,0,0,0,0,0,1,60000,3,2,5,5,7,6,0
-0.654757315073042,0.907634123196611,0.376190168484617,213.4136299,151.453125,0,0,0,0,0,0,0,0,1,62000,3,2,5,5,7,6,0
-0.775170064671035,0.888005311093718,0.419634808290835,99.5127766,71.796875,0,0,0,0,0,0,0,0,1,64000,3,2,5,5,7,6,0
-0.764712188817014,0.890134215250787,0.433158987177793,178.5732342,128.625,0,0,0,0,0,0,0,0,1,66000,3,2,5,5,7,6,0
-0.999910838466909,0.86006241340138,0.480844796219126,165.612605,119.859375,0,0,0,0,0,0,0,0,1,68000,3,2,5,5,7,6,0
-0.871704177494633,0.875875899181058,0.470468507046792,190.5952928,137.34375,0,0,0,0,0,0,0,0,1,70000,3,2,5,5,7,6,0
-0.838874397554181,0.878311297209311,0.472652896813481,287.3632199,209.96875,0,0,0,0,0,0,0,0,1,72000,3,2,5,5,7,6,0
-0.59248209313699,0.914057540364771,0.386279159256296,86.0177405,61.984375,0,0,0,0,0,0,0,0,1,74000,3,2,5,5,7,6,0
-0.893925629005227,0.872366691519482,0.452847274085301,70.9758278,51.09375,0,0,0,0,0,0,0,0,1,76000,3,2,5,5,7,6,0
-0.460863382415357,0.932930182537672,0.362542808884997,187.4825118,136.28125,0,0,0,0,0,0,0,0,1,78000,3,2,5,5,7,6,0
-0.802892109262706,0.886089800784612,0.421091610932023,165.110656,120.28125,0,0,0,0,0,0,0,0,1,80000,3,2,5,5,7,6,0
-0.548087502218413,0.920749130948003,0.350544644363457,318.5324427,233.125,0,0,0,0,0,0,0,0,1,82000,3,2,5,5,7,6,0
-0.635827985384263,0.911843094918406,0.363674870518078,96.8986112,71.0625,0,0,0,0,0,0,0,0,1,84000,3,2,5,5,7,6,0
-0.715482120228729,0.897405324607977,0.431109606944439,117.9924292,88.46875,0,0,0,0,0,0,0,0,1,86000,3,2,5,5,7,6,0
-0.999904234505792,0.858740037190738,0.465047681453508,139.3117487,100.515625,0,0,0,0,0,0,0,0,1,88000,3,2,5,5,7,6,0
-0.880249343647632,0.873458678269653,0.4127590675841,235.4056097,175.90625,0,0,0,0,0,0,0,0,1,90000,3,2,5,5,7,6,0
-0.876945636251222,0.87606560288387,0.483789128076255,297.1147494,218.890625,0,0,0,0,0,0,0,0,1,92000,3,2,5,5,7,6,0
-0.940724370526669,0.865855294120878,0.489032627412362,84.2119508,62.75,0,0,0,0,0,0,0,0,1,94000,3,2,5,5,7,6,0
-0.624303023145379,0.911822734076033,0.32367742520638,129.6829393,96.8125,0,0,0,0,0,0,0,0,1,96000,3,2,5,5,7,6,0
-0.594797831856554,0.914547205496083,0.380377640729895,142.7172195,105.8125,0,0,0,0,0,0,0,0,1,98000,3,2,5,5,7,6,0
-0.695022941239163,0.89894806902557,0.37696287513644,148.6241386,108.53125,0,0,0,0,0,0,0,0,1,100000,3,2,5,5,7,6,0
-0.795932086328801,0.884133772957545,0.468337013582461,71.7357489,54.1875,0,0,0,0,0,0,0,0,1,102000,3,2,5,5,7,6,0
-0.68110795561861,0.902647542356351,0.398771475277848,268.1528991,194.359375,0,0,0,0,0,0,0,0,1,104000,3,2,5,5,7,6,0
-0.848519384807287,0.878940285958178,0.433860153883785,236.7525674,167.84375,0,0,0,0,0,0,0,0,1,106000,3,2,5,5,7,6,0
-0.580768036907757,0.916304405512746,0.337922483798766,197.6000814,144.875,0,0,0,0,0,0,0,0,1,108000,3,2,5,5,7,6,0
-0.643723862912145,0.907640729493852,0.402705660388241,78.7825999,57.40625,0,0,0,0,0,0,0,0,1,110000,3,2,5,5,7,6,0
-0.937525172475937,0.866395274859227,0.458677871079094,157.1942869,112.65625,0,0,0,0,0,0,0,0,1,112000,3,2,5,5,7,6,0
-0.770507535043663,0.89010535143346,0.417478322551462,152.2142781,109.9375,0,0,0,0,0,0,0,0,1,114000,3,2,5,5,7,6,0
-0.552505356273045,0.921517239892487,0.346266434985214,65.2367219,46.75,0,0,0,0,0,0,0,0,1,116000,3,2,5,5,7,6,0
-0.695656770375205,0.902094492929392,0.41269596780142,116.8436787,85.125,0,0,0,0,0,0,0,0,1,118000,3,2,5,5,7,6,0
-0.642627602373152,0.907781613172957,0.38977792715409,181.4844667,131.875,0,0,0,0,0,0,0,0,1,120000,3,2,5,5,7,6,0
-0.607743650142711,0.912521642000877,0.350261348846458,176.5563384,124.578125,0,0,0,0,0,0,0,0,1,122000,3,2,5,5,7,6,0
-0.999988936978251,0.859122250815694,0.556971614271901,170.0026791,124.9375,0,0,0,0,0,0,0,0,1,124000,3,2,5,5,7,6,0
-0.527488055845815,0.924344861014451,0.355170533610644,248.9844669,182.4375,0,0,0,0,0,0,0,0,1,126000,3,2,5,5,7,6,0
-0.841727576006418,0.879490131969486,0.385120104675538,195.6209992,143.53125,0,0,0,0,0,0,0,0,1,128000,3,2,5,5,7,6,0
-0.723937399572183,0.894836985168866,0.376889744304055,134.3469771,96.90625,0,0,0,0,0,0,0,0,1,130000,3,2,5,5,7,6,0
-0.638532577350078,0.90872856386147,0.358690155408168,217.5885613,159.578125,0,0,0,0,0,0,0,0,1,132000,3,2,5,5,7,6,0
-0.755632213682776,0.891946059493951,0.418593435558779,176.2036695,130.1875,0,0,0,0,0,0,0,0,1,134000,3,2,5,5,7,6,0
-0.835474665066481,0.880202054818088,0.442685468836414,342.9256594,252.140625,0,0,0,0,0,0,0,0,1,136000,3,2,5,5,7,6,0
-0.924351838644882,0.866498025535483,0.446309214133695,184.6780133,135.046875,0,0,0,0,0,0,0,0,1,138000,3,2,5,5,7,6,0
-0.743214421283983,0.893943787198715,0.446875789108119,133.8561634,95.265625,0,0,0,0,0,0,0,0,1,140000,3,2,5,5,7,6,0
-0.409027204523364,0.941860508237766,0.316462973243735,288.5652518,211.015625,0,0,0,0,0,0,0,0,1,142000,3,2,5,5,7,6,0
-0.833020378981947,0.881669607776971,0.428953623647887,126.989972,92.015625,0,0,0,0,0,0,0,0,1,144000,3,2,5,5,7,6,0
-0.481738028134287,0.930285806438104,0.302377635509245,229.6876306,169.484375,0,0,0,0,0,0,0,0,1,146000,3,2,5,5,7,6,0
-0.952607603450874,0.86167590911506,0.511580459957551,186.4039138,138.25,0,0,0,0,0,0,0,0,1,148000,3,2,5,5,7,6,0
-0.597168339399447,0.915134116737082,0.354478125655189,326.3347837,242.171875,0,0,0,0,0,0,0,0,1,150000,3,2,5,5,7,6,0
-0.738984021635143,0.895476190447323,0.400644374263182,134.1640543,98,0,0,0,0,0,0,0,0,1,152000,3,2,5,5,7,6,0
-0.695953169741194,0.90088333324957,0.40122953185508,250.9007681,186.171875,0,0,0,0,0,0,0,0,1,154000,3,2,5,5,7,6,0
-0.550605447677846,0.920124797885381,0.337310274994649,161.3514385,120.265625,0,0,0,0,0,0,0,0,1,156000,3,2,5,5,7,6,0
-0.845127303307046,0.878788856269184,0.388332909236139,118.4505788,84.796875,0,0,0,0,0,0,0,0,1,158000,3,2,5,5,7,6,0
-0.723051881517614,0.895294018733502,0.409621598736124,140.3072076,100.734375,0,0,0,0,0,0,0,0,1,160000,3,2,5,5,7,6,0
-0.550220253332083,0.920313073225985,0.371333114483658,204.0769099,146.578125,0,0,0,0,0,0,0,0,1,162000,3,2,5,5,7,6,0
-0.699295149227195,0.898044527309276,0.370644965389185,138.372979,98.390625,0,0,0,0,0,0,0,0,1,164000,3,2,5,5,7,6,0
-0.571120795866452,0.917449948355637,0.34817740136189,335.5058959,241.234375,0,0,0,0,0,0,0,0,1,166000,3,2,5,5,7,6,0
-0.551923312232926,0.922730863341289,0.376154464911638,111.7436953,79.859375,0,0,0,0,0,0,0,0,1,168000,3,2,5,5,7,6,0
-0.681940258761009,0.902955516353661,0.396707202536691,182.3001089,130.78125,0,0,0,0,0,0,0,0,1,170000,3,2,5,5,7,6,0
-0.690928671367849,0.902993741498427,0.346282380610789,72.8325664,52.546875,0,0,0,0,0,0,0,0,1,172000,3,2,5,5,7,6,0
-0.924244781746045,0.868389023402785,0.484330996794072,83.5319052,60.09375,0,0,0,0,0,0,0,0,1,174000,3,2,5,5,7,6,0
-0.632616381142877,0.909247495214201,0.333157113638566,88.3297771,64.0625,0,0,0,0,0,0,0,0,1,176000,3,2,5,5,7,6,0
-0.479800674878411,0.932056924008971,0.33610655492069,213.1155063,155.25,0,0,0,0,0,0,0,0,1,178000,3,2,5,5,7,6,0
-0.507586898740852,0.927697023473029,0.311613195250725,303.9721572,220.6875,0,0,0,0,0,0,0,0,1,180000,3,2,5,5,7,6,0
-0.643783613625461,0.907805405617535,0.326768076692878,193.3556334,139.484375,0,0,0,0,0,0,0,0,1,182000,3,2,5,5,7,6,0
-0.558696688973427,0.920398515528245,0.358131643257196,209.2520718,152.046875,0,0,0,0,0,0,0,0,1,184000,3,2,5,5,7,6,0
-0.976407650202846,0.861230234279893,0.452102071236456,141.8982479,106.515625,0,0,0,0,0,0,0,0,1,186000,3,2,5,5,7,6,0
-0.576605533217383,0.915822715673806,0.377395328454773,282.6008994,207.28125,0,0,0,0,0,0,0,0,1,188000,3,2,5,5,7,6,0
-0.800854736670382,0.88867884278815,0.392405004514301,189.3235255,136.921875,0,0,0,0,0,0,0,0,1,190000,3,2,5,5,7,6,0
-0.705308882594486,0.900106794443246,0.339468102323272,162.2730466,109.078125,0,0,0,0,0,0,0,0,1,192000,3,2,5,5,7,6,0
-0.441575931984941,0.936977402400316,0.302678798264455,136.05633,91.21875,0,0,0,0,0,0,0,0,1,194000,3,2,5,5,7,6,0
-0.600539780961864,0.91225702719092,0.312977241960816,103.6455375,68.59375,0,0,0,0,0,0,0,0,1,196000,3,2,5,5,7,6,0
-0.961984432077475,0.861858587959945,0.468185424509949,152.5503473,102.21875,0,0,0,0,0,0,0,0,1,198000,3,2,5,5,7,6,0
-0.682142756926854,0.901421749467892,0.395169050677904,127.7543514,93.078125,0,0,0,0,0,0,0,0,1,0,3,2,5,6,7,6,0
-0.999953196584179,0.858370209679994,0.481578507701445,131.9084055,101.4375,0,0,0,0,0,0,0,0,1,2000,3,2,5,6,7,6,0
-0.508849041823842,0.926562806986048,0.340934018913253,228.049683,165.3125,0,0,0,0,0,0,0,0,1,4000,3,2,5,6,7,6,0
-0.7597721700404,0.892167586596294,0.397883153229617,114.5032364,82.03125,0,0,0,0,0,0,0,0,1,6000,3,2,5,6,7,6,0
-0.728025146235214,0.896593478571142,0.356505453216082,114.3731027,81.3125,0,0,0,0,0,0,0,0,1,8000,3,2,5,6,7,6,0
-0.622477501218735,0.911355457969559,0.41479132738733,163.608163,120.140625,0,0,0,0,0,0,0,0,1,10000,3,2,5,6,7,6,0
-0.738851117705169,0.893336013758605,0.450571322239073,129.4268528,94.796875,0,0,0,0,0,0,0,0,1,12000,3,2,5,6,7,6,0
-0.396694896244701,0.942453218980463,0.276824213583008,231.0692503,167.09375,0,0,0,0,0,0,0,0,1,14000,3,2,5,6,7,6,0
-0.726726567308471,0.894777121486656,0.406098329276623,100.1793439,72.359375,0,0,0,0,0,0,0,0,1,16000,3,2,5,6,7,6,0
-0.564609335693062,0.919247156654703,0.404179854294425,298.8828445,217.046875,0,0,0,0,0,0,0,0,1,18000,3,2,5,6,7,6,0
-0.605392452048912,0.912874203374093,0.345452592942637,269.7014224,194.203125,0,0,0,0,0,0,0,0,1,20000,3,2,5,6,7,6,0
-0.496015926585537,0.928973119375232,0.323228460088328,110.7480423,82.03125,0,0,0,0,0,0,0,0,1,22000,3,2,5,6,7,6,0
-0.813094892429485,0.88373536742643,0.488813198266439,87.7043778,64.890625,0,0,0,0,0,0,0,0,1,24000,3,2,5,6,7,6,0
-0.423283887407625,0.939570885764234,0.285810061248444,230.2905953,166.15625,0,0,0,0,0,0,0,0,1,26000,3,2,5,6,7,6,0
-0.677848318401888,0.904467417260144,0.378051905483649,148.9982398,107.34375,0,0,0,0,0,0,0,0,1,28000,3,2,5,6,7,6,0
-0.999999942039739,0.856649771648171,0.477588838901606,156.7498098,113.109375,0,0,0,0,0,0,0,0,1,30000,3,2,5,6,7,6,0
-0.770001102185467,0.891095455619745,0.474410704620342,93.0992139,66.96875,0,0,0,0,0,0,0,0,1,32000,3,2,5,6,7,6,0
-0.696603766007645,0.900684992367798,0.381465609643434,182.0396055,131.390625,0,0,0,0,0,0,0,0,1,34000,3,2,5,6,7,6,0
-0.67237165452063,0.903130483422417,0.367957718319863,184.3332079,132.234375,0,0,0,0,0,0,0,0,1,36000,3,2,5,6,7,6,0
-0.685597566323352,0.902931211340163,0.359230474699035,201.3963118,142.28125,0,0,0,0,0,0,0,0,1,38000,3,2,5,6,7,6,0
-0.622644574459112,0.910635622966871,0.353397269884349,179.9174492,128.328125,0,0,0,0,0,0,0,0,1,40000,3,2,5,6,7,6,0
-0.614741561877498,0.910812841295971,0.399613532774897,243.9686757,177.390625,0,0,0,0,0,0,0,0,1,42000,3,2,5,6,7,6,0
-0.640442423705978,0.908355701584071,0.406327235242311,171.6021934,122.859375,0,0,0,0,0,0,0,0,1,44000,3,2,5,6,7,6,0
-0.825784438906745,0.882608481376235,0.373025931678386,231.6038095,165.8125,0,0,0,0,0,0,0,0,1,46000,3,2,5,6,7,6,0
-0.779541852859285,0.886096947690043,0.367469258886411,149.6404776,108.640625,0,0,0,0,0,0,0,0,1,48000,3,2,5,6,7,6,0
-0.624216352157092,0.910364962439219,0.347819601590241,197.2312382,142.390625,0,0,0,0,0,0,0,0,1,50000,3,2,5,6,7,6,0
-0.975152223023159,0.860767769948597,0.493509517175869,227.8017344,167.671875,0,0,0,0,0,0,0,0,1,52000,3,2,5,6,7,6,0
-0.706022481216678,0.898277666731633,0.458477944783087,171.5017074,127.890625,0,0,0,0,0,0,0,0,1,54000,3,2,5,6,7,6,0
-0.471894137774279,0.931650672270606,0.306141709339652,79.0801426,56.53125,0,0,0,0,0,0,0,0,1,56000,3,2,5,6,7,6,0
-0.588005740164684,0.916000264094642,0.395895006211346,179.2030631,137.6875,0,0,0,0,0,0,0,0,1,58000,3,2,5,6,7,6,0
-0.580319107188424,0.915906630169386,0.309236936087614,150.0168644,106.609375,0,0,0,0,0,0,0,0,1,60000,3,2,5,6,7,6,0
-0.696027852570679,0.900754850451788,0.370058374405864,135.10397,94.28125,0,0,0,0,0,0,0,0,1,62000,3,2,5,6,7,6,0
-0.778853461238229,0.889497739319764,0.41580905186166,164.6144411,117.59375,0,0,0,0,0,0,0,0,1,64000,3,2,5,6,7,6,0
-0.717014041131009,0.896730364218872,0.381206908829825,182.8569332,129.875,0,0,0,0,0,0,0,0,1,66000,3,2,5,6,7,6,0
-0.906546421681514,0.87035979532457,0.458140910844291,163.7382213,116.46875,0,0,0,0,0,0,0,0,1,68000,3,2,5,6,7,6,0
-0.637990069265116,0.907688205654039,0.406214023672936,277.2131562,202.015625,0,0,0,0,0,0,0,0,1,70000,3,2,5,6,7,6,0
-0.812416610561346,0.884071268185222,0.490399454931622,366.0182139,258.859375,0,0,0,0,0,0,0,0,1,72000,3,2,5,6,7,6,0
-0.918230938357051,0.868203853152909,0.480370227781024,85.0001213,60.203125,0,0,0,0,0,0,0,0,1,74000,3,2,5,6,7,6,0
-0.999950562423546,0.855697410814581,0.467383187901517,64.0962424,46.828125,0,0,0,0,0,0,0,0,1,76000,3,2,5,6,7,6,0
-0.541978290397539,0.921276845257154,0.342954574992302,238.7667965,171.734375,0,0,0,0,0,0,0,0,1,78000,3,2,5,6,7,6,0
-0.794614222464625,0.88506574476136,0.375851999779596,239.8182477,175.078125,0,0,0,0,0,0,0,0,1,80000,3,2,5,6,7,6,0
-0.623147309246553,0.911777024502337,0.400761352326383,104.8225471,75.109375,0,0,0,0,0,0,0,0,1,82000,3,2,5,6,7,6,0
-0.619249309786831,0.910804811010513,0.389000683201015,211.5861117,153.484375,0,0,0,0,0,0,0,0,1,84000,3,2,5,6,7,6,0
-0.952634835185128,0.866502601532166,0.471095646845943,140.6736612,103.046875,0,0,0,0,0,0,0,0,1,86000,3,2,5,6,7,6,0
-0.999097992214215,0.859693097327273,0.531889571672394,74.1454281,53.8125,0,0,0,0,0,0,0,0,1,88000,3,2,5,6,7,6,0
-0.920495490966345,0.869924834425286,0.479434506020554,181.8263069,132.46875,0,0,0,0,0,0,0,0,1,90000,3,2,5,6,7,6,0
-0.465238664180479,0.933888560230015,0.352312604341739,181.8874568,131.90625,0,0,0,0,0,0,0,0,1,92000,3,2,5,6,7,6,0
-0.361055796607635,0.947577021409684,0.286123004580773,174.6867588,128.203125,0,0,0,0,0,0,0,0,1,94000,3,2,5,6,7,6,0
-0.69839719705381,0.899637617584805,0.397501936322041,83.1274181,62.03125,0,0,0,0,0,0,0,0,1,96000,3,2,5,6,7,6,0
-0.999896917578683,0.857064266417539,0.498204343608605,115.1957515,81.90625,0,0,0,0,0,0,0,0,1,98000,3,2,5,6,7,6,0
-0.999917689757167,0.856100326950957,0.454552635711747,74.5577517,53.9375,0,0,0,0,0,0,0,0,1,100000,3,2,5,6,7,6,0
-0.794302736878605,0.887022234163339,0.423707909707279,198.5993895,143.515625,0,0,0,0,0,0,0,0,1,102000,3,2,5,6,7,6,0
-0.615717280129632,0.911668505103539,0.366209240839339,127.3379776,93.1875,0,0,0,0,0,0,0,0,1,104000,3,2,5,6,7,6,0
-0.997781155298336,0.858467749984137,0.434513793480037,283.0630789,201.15625,0,0,0,0,0,0,0,0,1,106000,3,2,5,6,7,6,0
-0.673652665785725,0.901561560077955,0.428476741025098,45.4669554,31.453125,0,0,0,0,0,0,0,0,1,108000,3,2,5,6,7,6,0
-0.607222849704531,0.913432974935203,0.354283244448973,82.4061665,58.34375,0,0,0,0,0,0,0,0,1,110000,3,2,5,6,7,6,0
-0.724446270773663,0.896426655538281,0.435663420387499,195.5304284,140.65625,0,0,0,0,0,0,0,0,1,112000,3,2,5,6,7,6,0
-0.743920747459915,0.892227718957634,0.399382244128844,274.3377126,197.21875,0,0,0,0,0,0,0,0,1,114000,3,2,5,6,7,6,0
-0.535905363698342,0.922959453321222,0.323594507754311,283.4480701,200.03125,0,0,0,0,0,0,0,0,1,116000,3,2,5,6,7,6,0
-0.918960936881041,0.86693764750076,0.437947810239696,129.5121473,92.84375,0,0,0,0,0,0,0,0,1,118000,3,2,5,6,7,6,0
-0.917884784143468,0.867975722076791,0.419564833415439,130.2328505,95.5625,0,0,0,0,0,0,0,0,1,120000,3,2,5,6,7,6,0
-0.573458123691236,0.917479812712459,0.371102300676232,224.8353954,162.796875,0,0,0,0,0,0,0,0,1,122000,3,2,5,6,7,6,0
-0.759229359738236,0.892391198693796,0.444340781981332,161.3127735,119.1875,0,0,0,0,0,0,0,0,1,124000,3,2,5,6,7,6,0
-0.776176356743611,0.889090143544188,0.439331448509536,138.7139764,98.9375,0,0,0,0,0,0,0,0,1,126000,3,2,5,6,7,6,0
-0.632043004608332,0.909569544783044,0.398984590293311,251.9920881,181.40625,0,0,0,0,0,0,0,0,1,128000,3,2,5,6,7,6,0
-0.624138827285206,0.910400251347158,0.340397740281805,97.6424193,70.65625,0,0,0,0,0,0,0,0,1,130000,3,2,5,6,7,6,0
-0.653185452346477,0.906784814770904,0.422453005207473,76.4078692,56.5,0,0,0,0,0,0,0,0,1,132000,3,2,5,6,7,6,0
-0.737856243925025,0.894959501209914,0.393014033224579,137.0032543,98.78125,0,0,0,0,0,0,0,0,1,134000,3,2,5,6,7,6,0
-0.844570734419423,0.881132579087,0.368891672526457,432.2278161,310.484375,0,0,0,0,0,0,0,0,1,136000,3,2,5,6,7,6,0
-0.769356787198547,0.890890954600604,0.381977664813402,214.9876529,154.3125,0,0,0,0,0,0,0,0,1,138000,3,2,5,6,7,6,0
-0.5742895200621,0.916651946790498,0.333247280211943,227.9778265,163.890625,0,0,0,0,0,0,0,0,1,140000,3,2,5,6,7,6,0
-0.677003827976663,0.901977971135557,0.370661143952936,178.8351941,129.796875,0,0,0,0,0,0,0,0,1,142000,3,2,5,6,7,6,0
-0.564328252715773,0.920389704991778,0.345688129501421,208.9922469,150.265625,0,0,0,0,0,0,0,0,1,144000,3,2,5,6,7,6,0
-0.74701282737554,0.893405356497759,0.445712352293131,170.868623,122.703125,0,0,0,0,0,0,0,0,1,146000,3,2,5,6,7,6,0
-0.798343661742054,0.886855162148162,0.44905993394684,252.795987,186.4375,0,0,0,0,0,0,0,0,1,148000,3,2,5,6,7,6,0
-0.538581843776242,0.922792204785067,0.331905941657711,222.401485,161.484375,0,0,0,0,0,0,0,0,1,150000,3,2,5,6,7,6,0
-0.764263261653256,0.891582361560242,0.395767930513472,191.451716,138.421875,0,0,0,0,0,0,0,0,1,152000,3,2,5,6,7,6,0
-0.777025435391217,0.887580535574061,0.442716652888447,100.050451,72.125,0,0,0,0,0,0,0,0,1,154000,3,2,5,6,7,6,0
-0.727302949150743,0.894225056945454,0.384616626046663,122.0928028,88.96875,0,0,0,0,0,0,0,0,1,156000,3,2,5,6,7,6,0
-0.720024502698902,0.898156774195561,0.441912231675471,133.2813948,95.765625,0,0,0,0,0,0,0,0,1,158000,3,2,5,6,7,6,0
-0.830222447748669,0.882466126364531,0.453943906784669,129.9440456,92.65625,0,0,0,0,0,0,0,0,1,160000,3,2,5,6,7,6,0
-0.646671136851312,0.907000352956088,0.366444391495304,140.5074338,100.25,0,0,0,0,0,0,0,0,1,162000,3,2,5,6,7,6,0
-0.773963106479767,0.88984660961107,0.450465878014072,146.3603658,105.671875,0,0,0,0,0,0,0,0,1,164000,3,2,5,6,7,6,0
-0.753242238798664,0.893464389905183,0.407881137585871,173.1359495,124.390625,0,0,0,0,0,0,0,0,1,166000,3,2,5,6,7,6,0
-0.557683460057749,0.920134992159814,0.36756586520858,154.7152793,109.125,0,0,0,0,0,0,0,0,1,168000,3,2,5,6,7,6,0
-0.905060806243862,0.871536075570972,0.447899936620072,74.3538661,53.21875,0,0,0,0,0,0,0,0,1,170000,3,2,5,6,7,6,0
-0.67787574989856,0.902594925110876,0.401434928597709,137.4985075,99.140625,0,0,0,0,0,0,0,0,1,172000,3,2,5,6,7,6,0
-0.65320092518792,0.907467373014217,0.386455506938113,235.8062649,169.1875,0,0,0,0,0,0,0,0,1,174000,3,2,5,6,7,6,0
-0.961847094802699,0.863088983670303,0.433954112053509,125.6245222,90.140625,0,0,0,0,0,0,0,0,1,176000,3,2,5,6,7,6,0
-0.900342977203254,0.870621609020497,0.427054596140959,157.1578672,112.859375,0,0,0,0,0,0,0,0,1,178000,3,2,5,6,7,6,0
-0.465646909319019,0.933026902431786,0.346670139812837,85.2086928,60.09375,0,0,0,0,0,0,0,0,1,180000,3,2,5,6,7,6,0
-0.761734453735952,0.890368839044452,0.418030070449347,127.5887844,93.09375,0,0,0,0,0,0,0,0,1,182000,3,2,5,6,7,6,0
-0.753515551668964,0.892384138952201,0.408747071918697,140.5408292,103.390625,0,0,0,0,0,0,0,0,1,184000,3,2,5,6,7,6,0
-0.499151606928953,0.929262194421055,0.353420007641622,183.4594552,131.546875,0,0,0,0,0,0,0,0,1,186000,3,2,5,6,7,6,0
-0.6581690221253,0.908096854088429,0.378932810651311,69.8522905,48.796875,0,0,0,0,0,0,0,0,1,188000,3,2,5,6,7,6,0
-0.782060235434469,0.88916787465698,0.434386309743462,95.4220963,67.875,0,0,0,0,0,0,0,0,1,190000,3,2,5,6,7,6,0
-0.805659148114495,0.887915323829084,0.453334383186513,188.3674077,136.015625,0,0,0,0,0,0,0,0,1,192000,3,2,5,6,7,6,0
-0.999815361917749,0.857445839081113,0.480514489568738,169.8597885,123.890625,0,0,0,0,0,0,0,0,1,194000,3,2,5,6,7,6,0
-0.776773762953729,0.888680553687907,0.448558354416181,108.652908,79.4375,0,0,0,0,0,0,0,0,1,196000,3,2,5,6,7,6,0
-0.809761362125368,0.883740793564793,0.453857811169843,265.7026306,194.3125,0,0,0,0,0,0,0,0,1,198000,3,2,5,6,7,6,0
-0.619901989746011,0.910983746812449,0.351363143367738,251.1712164,188.890625,0,0,0,0,0,0,0,0,1,0,3,2,5,7,7,6,0
-0.611542745421733,0.911411778098923,0.350811339608371,200.8756823,143.4375,0,0,0,0,0,0,0,0,1,2000,3,2,5,7,7,6,0
-0.558987048171765,0.9189317282465,0.386148378452032,105.2998725,77.953125,0,0,0,0,0,0,0,0,1,4000,3,2,5,7,7,6,0
-0.806867750181079,0.887325341021098,0.492999299333749,141.5847512,100.390625,0,0,0,0,0,0,0,0,1,6000,3,2,5,7,7,6,0
-0.629132424753292,0.908731491621041,0.424517278130353,241.9296749,179.546875,0,0,0,0,0,0,0,0,1,8000,3,2,5,7,7,6,0
-0.593316022512197,0.913971548743094,0.351723178015395,115.9497908,81.84375,0,0,0,0,0,0,0,0,1,10000,3,2,5,7,7,6,0
-0.894677264965653,0.871713593325652,0.464314467386554,133.8770156,97.015625,0,0,0,0,0,0,0,0,1,12000,3,2,5,7,7,6,0
-0.727202492117367,0.894944046424978,0.384266006487571,170.6944202,123.84375,0,0,0,0,0,0,0,0,1,14000,3,2,5,7,7,6,0
-0.662870664573371,0.905254530352731,0.374976133182083,102.5689182,73.90625,0,0,0,0,0,0,0,0,1,16000,3,2,5,7,7,6,0
-0.570286844682049,0.920315658836041,0.364203155241507,344.4930649,247.390625,0,0,0,0,0,0,0,0,1,18000,3,2,5,7,7,6,0
-0.612493824830088,0.913274113563135,0.382558564912597,232.5379362,168.890625,0,0,0,0,0,0,0,0,1,20000,3,2,5,7,7,6,0
-0.668992934908207,0.903415890180028,0.376256672342613,114.3125838,83.921875,0,0,0,0,0,0,0,0,1,22000,3,2,5,7,7,6,0
-0.621497776364751,0.912321249112239,0.360658935888144,206.9939439,149.546875,0,0,0,0,0,0,0,0,1,24000,3,2,5,7,7,6,0
-0.718862097380638,0.896435954553301,0.406317057032689,130.3972925,95.21875,0,0,0,0,0,0,0,0,1,26000,3,2,5,7,7,6,0
-0.501433518242128,0.929478347747196,0.31628294618495,117.8643259,86.765625,0,0,0,0,0,0,0,0,1,28000,3,2,5,7,7,6,0
-0.486756204722607,0.929704641680063,0.325054399560639,167.3216393,121.984375,0,0,0,0,0,0,0,0,1,30000,3,2,5,7,7,6,0
-0.999903553544981,0.858755159875667,0.463041956480224,82.6762655,60.109375,0,0,0,0,0,0,0,0,1,32000,3,2,5,7,7,6,0
-0.545776273385591,0.921200275439411,0.363938940548423,186.8805594,136.1875,0,0,0,0,0,0,0,0,1,34000,3,2,5,7,7,6,0
-0.999999855532902,0.860075684322974,0.496959895240764,119.0451948,87.421875,0,0,0,0,0,0,0,0,1,36000,3,2,5,7,7,6,0
-0.790761499019362,0.886752121648126,0.466174935551546,232.9917038,168.546875,0,0,0,0,0,0,0,0,1,38000,3,2,5,7,7,6,0
-0.919971787343256,0.870150461224552,0.509378453300661,294.7250931,214.171875,0,0,0,0,0,0,0,0,1,40000,3,2,5,7,7,6,0
-0.783037546296864,0.886695693488854,0.421798759761041,157.0457307,114.890625,0,0,0,0,0,0,0,0,1,42000,3,2,5,7,7,6,0
-0.623828652207914,0.908864487245644,0.386312636881737,161.4019273,118.28125,0,0,0,0,0,0,0,0,1,44000,3,2,5,7,7,6,0
-0.621652074207946,0.908631253238248,0.344906272071369,229.4458007,165.6875,0,0,0,0,0,0,0,0,1,46000,3,2,5,7,7,6,0
-0.539511922807181,0.922320767370858,0.352046506439535,248.7935112,180.3125,0,0,0,0,0,0,0,0,1,48000,3,2,5,7,7,6,0
-0.651403394107441,0.907953179409529,0.383713976767645,188.5228019,140.796875,0,0,0,0,0,0,0,0,1,50000,3,2,5,7,7,6,0
-0.652334711757068,0.906586108320612,0.329215022977995,128.555943,93.53125,0,0,0,0,0,0,0,0,1,52000,3,2,5,7,7,6,0
-0.572804053978477,0.918884336486035,0.360934540041021,321.2677714,240.109375,0,0,0,0,0,0,0,0,1,54000,3,2,5,7,7,6,0
-0.869199620135578,0.874477733025107,0.428492629632506,149.6376777,108.75,0,0,0,0,0,0,0,0,1,56000,3,2,5,7,7,6,0
-0.806230017258701,0.885155796018931,0.412090975780356,109.1552489,77.765625,0,0,0,0,0,0,0,0,1,58000,3,2,5,7,7,6,0
-0.9990773007891,0.857295109875584,0.497824668724853,167.6662136,119.609375,0,0,0,0,0,0,0,0,1,60000,3,2,5,7,7,6,0
-0.800420915566972,0.884667686559861,0.411307682525765,129.2923715,92.59375,0,0,0,0,0,0,0,0,1,62000,3,2,5,7,7,6,0
-0.943696254215562,0.867590579658221,0.490096934915464,131.3263684,92.4375,0,0,0,0,0,0,0,0,1,64000,3,2,5,7,7,6,0
-0.736205905254002,0.895222325258802,0.371392125750554,108.85544,78.171875,0,0,0,0,0,0,0,0,1,66000,3,2,5,7,7,6,0
-0.965054159700663,0.863173309088722,0.45760988047902,238.4791647,173.09375,0,0,0,0,0,0,0,0,1,68000,3,2,5,7,7,6,0
-0.72172759761403,0.898398086341171,0.412247216680178,85.6760174,62.515625,0,0,0,0,0,0,0,0,1,70000,3,2,5,7,7,6,0
-0.689822578361671,0.901886563312986,0.387558828301227,96.0083083,68.59375,0,0,0,0,0,0,0,0,1,72000,3,2,5,7,7,6,0
-0.57743748059519,0.917289005928036,0.334163465156083,206.57358,148.09375,0,0,0,0,0,0,0,0,1,74000,3,2,5,7,7,6,0
-0.589732417074077,0.914901403976422,0.318785069238966,128.9994887,93.640625,0,0,0,0,0,0,0,0,1,76000,3,2,5,7,7,6,0
-0.713623402359138,0.896870292392506,0.383867496767965,210.8632838,151.265625,0,0,0,0,0,0,0,0,1,78000,3,2,5,7,7,6,0
-0.603982836586427,0.913484939655304,0.382201767821098,188.0435512,135.84375,0,0,0,0,0,0,0,0,1,80000,3,2,5,7,7,6,0
-0.595663948776654,0.914520359755998,0.381274345233103,250.4828589,182.515625,0,0,0,0,0,0,0,0,1,82000,3,2,5,7,7,6,0
-0.750985911013102,0.890955141463888,0.442944356885719,176.1027904,129.5,0,0,0,0,0,0,0,0,1,84000,3,2,5,7,7,6,0
-0.672886096076543,0.904141479780035,0.389193048912782,132.2219159,95.296875,0,0,0,0,0,0,0,0,1,86000,3,2,5,7,7,6,0
-0.506044869380199,0.927169104825595,0.306635810718978,359.9778711,264.140625,0,0,0,0,0,0,0,0,1,88000,3,2,5,7,7,6,0
-0.636980120179083,0.909464346557712,0.365932012332833,107.0754542,78.125,0,0,0,0,0,0,0,0,1,90000,3,2,5,7,7,6,0
-0.665416160986347,0.903644111691254,0.429313532488978,198.6945955,147.46875,0,0,0,0,0,0,0,0,1,92000,3,2,5,7,7,6,0
-0.662880776250011,0.904504969653736,0.410985078618499,198.7020971,145.5,0,0,0,0,0,0,0,0,1,94000,3,2,5,7,7,6,0
-0.806697967434995,0.884645411030941,0.417364488492572,270.1827258,195.625,0,0,0,0,0,0,0,0,1,96000,3,2,5,7,7,6,0
-0.45334265824,0.935445885981422,0.343478371786673,266.8363533,190.78125,0,0,0,0,0,0,0,0,1,98000,3,2,5,7,7,6,0
-0.647994830935847,0.908055031249272,0.397116622146955,312.0855879,225.234375,0,0,0,0,0,0,0,0,1,100000,3,2,5,7,7,6,0
-0.582158925860163,0.91710344011776,0.364212708335199,236.5357135,169.859375,0,0,0,0,0,0,0,0,1,102000,3,2,5,7,7,6,0
-0.730115121256413,0.895522959062279,0.400423484215171,128.1641522,92.015625,0,0,0,0,0,0,0,0,1,104000,3,2,5,7,7,6,0
-0.716612476254759,0.899726226792232,0.45761177639292,137.2135328,99.109375,0,0,0,0,0,0,0,0,1,106000,3,2,5,7,7,6,0
-0.459907140492854,0.933360366793697,0.279712621055157,108.8509555,77.828125,0,0,0,0,0,0,0,0,1,108000,3,2,5,7,7,6,0
-0.765858729590861,0.890938248948732,0.458791036016616,264.4407068,189.09375,0,0,0,0,0,0,0,0,1,110000,3,2,5,7,7,6,0
-0.536823803261319,0.922931339742299,0.359021924740939,105.6125718,75.125,0,0,0,0,0,0,0,0,1,112000,3,2,5,7,7,6,0
-0.585917232385092,0.916890160041457,0.353692303053364,61.9555419,44.375,0,0,0,0,0,0,0,0,1,114000,3,2,5,7,7,6,0
-0.668846161733674,0.903064266804981,0.392851095258176,122.7661631,87.1875,0,0,0,0,0,0,0,0,1,116000,3,2,5,7,7,6,0
-0.860517282089763,0.876342631908666,0.449273827383484,172.7559869,127.390625,0,0,0,0,0,0,0,0,1,118000,3,2,5,7,7,6,0
-0.587352424802914,0.916133314926602,0.383763718557677,91.1475761,66.3125,0,0,0,0,0,0,0,0,1,120000,3,2,5,7,7,6,0
-0.592791671854293,0.916678746891114,0.357505204204011,275.0414336,197.921875,0,0,0,0,0,0,0,0,1,122000,3,2,5,7,7,6,0
-0.826560859210941,0.883352946428168,0.389090840303773,108.9824336,80.265625,0,0,0,0,0,0,0,0,1,124000,3,2,5,7,7,6,0
-0.618937416701659,0.911528283892827,0.310504281410091,403.7893548,292.609375,0,0,0,0,0,0,0,0,1,126000,3,2,5,7,7,6,0
-0.868434188577356,0.876218492512189,0.465507794150446,237.8304498,173.015625,0,0,0,0,0,0,0,0,1,128000,3,2,5,7,7,6,0
-0.721588419728539,0.896721657642592,0.418990310213992,112.3358728,80.84375,0,0,0,0,0,0,0,0,1,130000,3,2,5,7,7,6,0
-0.712376441295194,0.897929641203116,0.443604542048339,185.5519757,133.90625,0,0,0,0,0,0,0,0,1,132000,3,2,5,7,7,6,0
-0.918616349734112,0.868709826932814,0.427660776615864,402.8275157,288.71875,0,0,0,0,0,0,0,0,1,134000,3,2,5,7,7,6,0
-0.999642844886263,0.861929487587438,0.472336773104754,135.8134674,98.8125,0,0,0,0,0,0,0,0,1,136000,3,2,5,7,7,6,0
-0.76050734717507,0.893226671862511,0.434814815549585,165.578963,120.265625,0,0,0,0,0,0,0,0,1,138000,3,2,5,7,7,6,0
-0.938674418957733,0.865973000030657,0.463523587104081,150.7282327,109.140625,0,0,0,0,0,0,0,0,1,140000,3,2,5,7,7,6,0
-0.563788459499998,0.918456035930885,0.369734460478953,476.07214,352.25,0,0,0,0,0,0,0,0,1,142000,3,2,5,7,7,6,0
-0.706241974795303,0.900074707971412,0.378575139644362,251.8876189,184.3125,0,0,0,0,0,0,0,0,1,144000,3,2,5,7,7,6,0
-0.58115571386672,0.918007466142088,0.368771591331578,297.0326052,212.8125,0,0,0,0,0,0,0,0,1,146000,3,2,5,7,7,6,0
-0.65307648502019,0.904748320020871,0.376139282146544,128.5133961,92.296875,0,0,0,0,0,0,0,0,1,148000,3,2,5,7,7,6,0
-0.434928098835047,0.937386031766854,0.320897965685145,247.6931009,176.3125,0,0,0,0,0,0,0,0,1,150000,3,2,5,7,7,6,0
-0.431262364779172,0.937935100176625,0.288819613686712,314.2940661,224.421875,0,0,0,0,0,0,0,0,1,152000,3,2,5,7,7,6,0
-0.617578687479756,0.911696735407541,0.350666224657254,123.2805784,89,0,0,0,0,0,0,0,0,1,154000,3,2,5,7,7,6,0
-0.753977500130928,0.891773951359717,0.413843947102515,132.6336963,95.765625,0,0,0,0,0,0,0,0,1,156000,3,2,5,7,7,6,0
-0.55466059664822,0.920957625635119,0.339093040516018,235.1543066,170.796875,0,0,0,0,0,0,0,0,1,158000,3,2,5,7,7,6,0
-0.999866089866357,0.858514855854537,0.444765936758737,127.2952373,94.125,0,0,0,0,0,0,0,0,1,160000,3,2,5,7,7,6,0
-0.776195728612447,0.888612655997733,0.415231723072645,280.0944391,204.015625,0,0,0,0,0,0,0,0,1,162000,3,2,5,7,7,6,0
-0.494789504527565,0.929645988189638,0.304005599850714,373.7314396,269.390625,0,0,0,0,0,0,0,0,1,164000,3,2,5,7,7,6,0
-0.695234334734039,0.902028827883456,0.365504436999422,94.2068762,69.8125,0,0,0,0,0,0,0,0,1,166000,3,2,5,7,7,6,0
-0.735400639667678,0.89571462109396,0.412634787596628,134.6862049,97.65625,0,0,0,0,0,0,0,0,1,168000,3,2,5,7,7,6,0
-0.646963285147512,0.907218142844357,0.416069838285437,129.8232971,95.015625,0,0,0,0,0,0,0,0,1,170000,3,2,5,7,7,6,0
-0.817080817356074,0.883298690803579,0.414213592787387,183.6234892,134.59375,0,0,0,0,0,0,0,0,1,172000,3,2,5,7,7,6,0
-0.916050258524106,0.866428034994634,0.470624424931581,150.0769985,110.90625,0,0,0,0,0,0,0,0,1,174000,3,2,5,7,7,6,0
-0.878087033523005,0.875163642751363,0.500427935973077,193.0153004,135.890625,0,0,0,0,0,0,0,0,1,176000,3,2,5,7,7,6,0
-0.754267697234773,0.89256273258658,0.374222690350583,97.7923453,65.6875,0,0,0,0,0,0,0,0,1,178000,3,2,5,7,7,6,0
-0.697912998712805,0.899592930624338,0.347510916895511,72.1242342,47.75,0,0,0,0,0,0,0,0,1,180000,3,2,5,7,7,6,0
-0.684704251367445,0.903847738013389,0.362228660296656,85.7713374,60.3125,0,0,0,0,0,0,0,0,1,182000,3,2,5,7,7,6,0
-0.595681934794159,0.914118777741746,0.372892986104301,159.5872604,104.65625,0,0,0,0,0,0,0,0,1,184000,3,2,5,7,7,6,0
-0.79858456876379,0.887372317194624,0.457146611853431,192.5091303,118.015625,0,0,0,0,0,0,0,0,1,186000,3,2,5,7,7,6,0
-0.708415257385247,0.899635218837151,0.416100822498597,74.1562389,44.28125,0,0,0,0,0,0,0,0,1,188000,3,2,5,7,7,6,0
-0.575812516238736,0.917171428451786,0.364074383930527,176.9296108,111.90625,0,0,0,0,0,0,0,0,1,190000,3,2,5,7,7,6,0
-0.63912815969182,0.910864933824986,0.354589635372207,176.0156023,114.515625,0,0,0,0,0,0,0,0,1,192000,3,2,5,7,7,6,0
-0.76258187789219,0.890771495209637,0.392905630566506,179.323567,116.859375,0,0,0,0,0,0,0,0,1,194000,3,2,5,7,7,6,0
-0.861198236248014,0.877238083079818,0.427979105488921,79.0560333,53.015625,0,0,0,0,0,0,0,0,1,196000,3,2,5,7,7,6,0
-0.797088594380678,0.887910315240649,0.396940744523639,157.4581834,98.015625,0,0,0,0,0,0,0,0,1,198000,3,2,5,7,7,6,0
-0.798256575703303,0.886680529425718,0.466659052400678,195.0827422,149.484375,0,0,0,0,0,0,0,0,1,0,3,2,5,8,7,6,0
-0.762335021714895,0.891179260230287,0.412805561465076,172.824435,121.234375,0,0,0,0,0,0,0,0,1,2000,3,2,5,8,7,6,0
-0.969202178383655,0.863434135226916,0.49091914843035,60.3555803,44.3125,0,0,0,0,0,0,0,0,1,4000,3,2,5,8,7,6,0
-0.628332431267313,0.909309148024102,0.43610605126197,350.3053349,253.234375,0,0,0,0,0,0,0,0,1,6000,3,2,5,8,7,6,0
-0.935843782547357,0.86843419270563,0.499238460187378,136.9404882,100.625,0,0,0,0,0,0,0,0,1,8000,3,2,5,8,7,6,0
-0.620071976744925,0.911355826807997,0.345195816905802,123.8972545,89.09375,0,0,0,0,0,0,0,0,1,10000,3,2,5,8,7,6,0
-0.763470355535173,0.890569617679728,0.497117761350414,166.0372301,119.359375,0,0,0,0,0,0,0,0,1,12000,3,2,5,8,7,6,0
-0.556355587317208,0.918026730225581,0.386089730570715,151.8483517,113.203125,0,0,0,0,0,0,0,0,1,14000,3,2,5,8,7,6,0
-0.828190923432587,0.883220891497593,0.414916041035134,201.2784145,144.875,0,0,0,0,0,0,0,0,1,16000,3,2,5,8,7,6,0
-0.461591038277361,0.933720131811402,0.344398766345661,137.4092838,97.90625,0,0,0,0,0,0,0,0,1,18000,3,2,5,8,7,6,0
-0.717440702622524,0.89643205703114,0.376370794202732,79.2517502,56.984375,0,0,0,0,0,0,0,0,1,20000,3,2,5,8,7,6,0
-0.713216441509399,0.896207545225924,0.388450543201791,109.8656318,80.671875,0,0,0,0,0,0,0,0,1,22000,3,2,5,8,7,6,0
-0.894235603889551,0.870331028661674,0.458900116878212,181.4201807,131.4375,0,0,0,0,0,0,0,0,1,24000,3,2,5,8,7,6,0
-0.768133143067546,0.890129777313811,0.465548649830335,67.4028841,50.890625,0,0,0,0,0,0,0,0,1,26000,3,2,5,8,7,6,0
-0.666803442332322,0.90391614449793,0.385644008170501,84.2150733,61.65625,0,0,0,0,0,0,0,0,1,28000,3,2,5,8,7,6,0
-0.826240030427458,0.881991811414136,0.453767941344717,156.920931,112.96875,0,0,0,0,0,0,0,0,1,30000,3,2,5,8,7,6,0
-0.695181755364542,0.899326650014617,0.373028647316534,141.8035823,101.828125,0,0,0,0,0,0,0,0,1,32000,3,2,5,8,7,6,0
-0.584223900380709,0.915429236921155,0.307579507945408,176.0589013,124.203125,0,0,0,0,0,0,0,0,1,34000,3,2,5,8,7,6,0
-0.449633928223191,0.935520908788224,0.308549861364904,266.2306873,190.875,0,0,0,0,0,0,0,0,1,36000,3,2,5,8,7,6,0
-0.717484487499237,0.897148089538386,0.394329412138004,192.3219372,140.328125,0,0,0,0,0,0,0,0,1,38000,3,2,5,8,7,6,0
-0.636529789926918,0.908689439403593,0.389755027611677,240.2198285,173.59375,0,0,0,0,0,0,0,0,1,40000,3,2,5,8,7,6,0
-0.646540908979971,0.90705389005695,0.349093819053934,154.972352,112.6875,0,0,0,0,0,0,0,0,1,42000,3,2,5,8,7,6,0
-0.629270710731996,0.910297403198053,0.402973600588975,202.6116693,146.65625,0,0,0,0,0,0,0,0,1,44000,3,2,5,8,7,6,0
-0.883672283325619,0.871546210854966,0.425569250995118,313.9671498,229.84375,0,0,0,0,0,0,0,0,1,46000,3,2,5,8,7,6,0
-0.70103451115547,0.90089327471005,0.447465031560819,193.5173819,140.640625,0,0,0,0,0,0,0,0,1,48000,3,2,5,8,7,6,0
-0.792414399979645,0.885457742467696,0.432403561922197,296.9308167,218.234375,0,0,0,0,0,0,0,0,1,50000,3,2,5,8,7,6,0
-0.813175875184159,0.883640217316096,0.452697158811295,125.3674665,94.40625,0,0,0,0,0,0,0,0,1,52000,3,2,5,8,7,6,0
-0.760607575983973,0.89075073560972,0.385491614917432,239.3463739,176.234375,0,0,0,0,0,0,0,0,1,54000,3,2,5,8,7,6,0
-0.585596271269504,0.917229032229333,0.347451758971059,152.2895584,110.265625,0,0,0,0,0,0,0,0,1,56000,3,2,5,8,7,6,0
-0.496435209203004,0.929834480584803,0.35578725213773,254.7611617,188.90625,0,0,0,0,0,0,0,0,1,58000,3,2,5,8,7,6,0
-0.67471159928335,0.904677402309048,0.407239962327737,175.149295,124.296875,0,0,0,0,0,0,0,0,1,60000,3,2,5,8,7,6,0
-0.924292803408709,0.871627120315142,0.472751709109979,269.0145582,194.453125,0,0,0,0,0,0,0,0,1,62000,3,2,5,8,7,6,0
-0.494987386047483,0.927732451934767,0.326051820267417,274.6249777,195.875,0,0,0,0,0,0,0,0,1,64000,3,2,5,8,7,6,0
-0.883096439991309,0.873188358502496,0.453028467658391,127.6666288,94.453125,0,0,0,0,0,0,0,0,1,66000,3,2,5,8,7,6,0
-0.820455753432266,0.882414223329658,0.414040947191906,301.26359,219.3125,0,0,0,0,0,0,0,0,1,68000,3,2,5,8,7,6,0
-0.663227080139292,0.903175697296469,0.348339767988346,154.933285,111.453125,0,0,0,0,0,0,0,0,1,70000,3,2,5,8,7,6,0
-0.970436436594684,0.861811754587569,0.511335001339373,168.4672732,119.09375,0,0,0,0,0,0,0,0,1,72000,3,2,5,8,7,6,0
-0.608613386018156,0.914403531740581,0.35525099717642,239.6210745,175.546875,0,0,0,0,0,0,0,0,1,74000,3,2,5,8,7,6,0
-0.370038506781315,0.947249465413202,0.262480657943328,197.5981721,147.890625,0,0,0,0,0,0,0,0,1,76000,3,2,5,8,7,6,0
-0.889484178216624,0.873589487061887,0.458746340900092,181.9659548,132.78125,0,0,0,0,0,0,0,0,1,78000,3,2,5,8,7,6,0
-0.395079361972291,0.943622242230012,0.278774368460947,167.0553523,122.59375,0,0,0,0,0,0,0,0,1,80000,3,2,5,8,7,6,0
-0.623415370652192,0.910671589208786,0.369024521619613,184.1392984,135.71875,0,0,0,0,0,0,0,0,1,82000,3,2,5,8,7,6,0
-0.775151117782493,0.889878688523075,0.420485632651417,192.6483787,138.640625,0,0,0,0,0,0,0,0,1,84000,3,2,5,8,7,6,0
-0.655419820430773,0.907635064067446,0.370483585583813,95.0339687,69.640625,0,0,0,0,0,0,0,0,1,86000,3,2,5,8,7,6,0
-0.99913345514853,0.857289235854036,0.510804798755854,66.5211706,50.5625,0,0,0,0,0,0,0,0,1,88000,3,2,5,8,7,6,0
-0.479207103958304,0.931656782492906,0.2995387008704,265.3942714,196.09375,0,0,0,0,0,0,0,0,1,90000,3,2,5,8,7,6,0
-0.492692606160501,0.929575736926295,0.298105381612197,95.5132243,69.015625,0,0,0,0,0,0,0,0,1,92000,3,2,5,8,7,6,0
-0.697876011066521,0.900650947393373,0.3873755366339,138.9795783,101.828125,0,0,0,0,0,0,0,0,1,94000,3,2,5,8,7,6,0
-0.669718886945779,0.904672608817466,0.366596200406888,100.0355799,73.96875,0,0,0,0,0,0,0,0,1,96000,3,2,5,8,7,6,0
-0.659440228507685,0.9061330440763,0.405525410035205,168.2743505,120.578125,0,0,0,0,0,0,0,0,1,98000,3,2,5,8,7,6,0
-0.542256284897736,0.922110006569351,0.340978991385188,309.4852523,218.5,0,0,0,0,0,0,0,0,1,100000,3,2,5,8,7,6,0
-0.826036707351783,0.882490569679307,0.441185837231424,209.2723293,149.671875,0,0,0,0,0,0,0,0,1,102000,3,2,5,8,7,6,0
-0.785114963029434,0.888711557679649,0.413114267056609,116.7005124,83.734375,0,0,0,0,0,0,0,0,1,104000,3,2,5,8,7,6,0
-0.666023280109013,0.905080903052568,0.389960923654943,132.3097709,94.484375,0,0,0,0,0,0,0,0,1,106000,3,2,5,8,7,6,0
-0.568971519177034,0.919820089954392,0.290485600043654,154.2487,108.296875,0,0,0,0,0,0,0,0,1,108000,3,2,5,8,7,6,0
-0.597553773089721,0.914440818189976,0.313008233180509,113.9758076,80.328125,0,0,0,0,0,0,0,0,1,110000,3,2,5,8,7,6,0
-0.999924896840244,0.858454637727049,0.465334000392179,123.9451291,89.625,0,0,0,0,0,0,0,0,1,112000,3,2,5,8,7,6,0
-0.662853390571865,0.906328370766057,0.359311973744979,82.5459592,59.328125,0,0,0,0,0,0,0,0,1,114000,3,2,5,8,7,6,0
-0.791938717631507,0.888073023571618,0.460958409786477,117.1464984,82.125,0,0,0,0,0,0,0,0,1,116000,3,2,5,8,7,6,0
-0.461076190634919,0.934364913414041,0.321742198666686,242.0526466,176.640625,0,0,0,0,0,0,0,0,1,118000,3,2,5,8,7,6,0
-0.511095063898985,0.924858953082555,0.338963378757257,150.4481869,108.4375,0,0,0,0,0,0,0,0,1,120000,3,2,5,8,7,6,0
-0.792665562869455,0.885727887172089,0.402601421823479,110.4541666,80,0,0,0,0,0,0,0,0,1,122000,3,2,5,8,7,6,0
-0.754942550760795,0.893268173828901,0.385675394249871,137.7510404,99.1875,0,0,0,0,0,0,0,0,1,124000,3,2,5,8,7,6,0
-0.747397289089844,0.892940096590451,0.417676115537878,109.3169534,78.984375,0,0,0,0,0,0,0,0,1,126000,3,2,5,8,7,6,0
-0.677623882207132,0.902948541112797,0.370109767416832,258.207862,192.078125,0,0,0,0,0,0,0,0,1,128000,3,2,5,8,7,6,0
-0.659723890125723,0.904619952960201,0.38505032821208,173.6709468,127.546875,0,0,0,0,0,0,0,0,1,130000,3,2,5,8,7,6,0
-0.998893632945107,0.855752616396021,0.417773190988907,81.534297,58.15625,0,0,0,0,0,0,0,0,1,132000,3,2,5,8,7,6,0
-0.677160629529738,0.901912033569917,0.361838373930367,153.6740609,109.71875,0,0,0,0,0,0,0,0,1,134000,3,2,5,8,7,6,0
-0.885449954779435,0.874345406419631,0.489219470925799,82.8858241,60.546875,0,0,0,0,0,0,0,0,1,136000,3,2,5,8,7,6,0
-0.748694455460468,0.891990684779928,0.429777474631327,126.9478225,92.71875,0,0,0,0,0,0,0,0,1,138000,3,2,5,8,7,6,0
-0.866176414410724,0.875706816800979,0.4574468337443,177.2395028,127.28125,0,0,0,0,0,0,0,0,1,140000,3,2,5,8,7,6,0
-0.581506732475427,0.916940554076917,0.370717342112512,210.9657931,154.171875,0,0,0,0,0,0,0,0,1,142000,3,2,5,8,7,6,0
-0.59245321343011,0.916639632504834,0.393334819189225,105.2001523,76.703125,0,0,0,0,0,0,0,0,1,144000,3,2,5,8,7,6,0
-0.999990233986691,0.858930114477453,0.553951584088592,141.0031996,99.390625,0,0,0,0,0,0,0,0,1,146000,3,2,5,8,7,6,0
-0.984260612750909,0.86072958101241,0.490331067674961,96.8090853,70.390625,0,0,0,0,0,0,0,0,1,148000,3,2,5,8,7,6,0
-0.927099065148817,0.865703621960313,0.478215243101841,139.5217075,100.96875,0,0,0,0,0,0,0,0,1,150000,3,2,5,8,7,6,0
-0.689912311636599,0.901282308314842,0.417468343282741,167.6474502,123,0,0,0,0,0,0,0,0,1,152000,3,2,5,8,7,6,0
-0.750973845335121,0.893033523004583,0.406118488981095,249.9622409,187.1875,0,0,0,0,0,0,0,0,1,154000,3,2,5,8,7,6,0
-0.794096948649466,0.886935418816738,0.368927585371585,195.6969936,140.3125,0,0,0,0,0,0,0,0,1,156000,3,2,5,8,7,6,0
-0.790993616584703,0.885733703222245,0.416666922314339,221.5582297,162.53125,0,0,0,0,0,0,0,0,1,158000,3,2,5,8,7,6,0
-0.831542755603328,0.881187117893693,0.440471960240158,253.0160052,183.578125,0,0,0,0,0,0,0,0,1,160000,3,2,5,8,7,6,0
-0.901804460098777,0.870164897315211,0.454613875964262,187.9652751,131.53125,0,0,0,0,0,0,0,0,1,162000,3,2,5,8,7,6,0
-0.776324351450718,0.889138272581557,0.438450582429071,168.7623382,121.765625,0,0,0,0,0,0,0,0,1,164000,3,2,5,8,7,6,0
-0.850262099771456,0.879650692658965,0.418954415009337,104.8825088,77.515625,0,0,0,0,0,0,0,0,1,166000,3,2,5,8,7,6,0
-0.595236497307646,0.915574829453186,0.356023609870253,223.9202818,159.765625,0,0,0,0,0,0,0,0,1,168000,3,2,5,8,7,6,0
-0.664305293434262,0.904481526009777,0.371146793776971,162.6853317,117.21875,0,0,0,0,0,0,0,0,1,170000,3,2,5,8,7,6,0
-0.908431268565233,0.868954762531722,0.47161020296498,462.6412285,334.171875,0,0,0,0,0,0,0,0,1,172000,3,2,5,8,7,6,0
-0.74199822049942,0.894920566887935,0.366623120060972,151.9156956,110.390625,0,0,0,0,0,0,0,0,1,174000,3,2,5,8,7,6,0
-0.657044488519225,0.905003717548151,0.36634801514971,175.1707586,126.796875,0,0,0,0,0,0,0,0,1,176000,3,2,5,8,7,6,0
-0.65758323427041,0.908148786203472,0.395995661087399,164.786763,118.515625,0,0,0,0,0,0,0,0,1,178000,3,2,5,8,7,6,0
-0.864875412888937,0.876840426869982,0.461760207836679,98.2129366,72.84375,0,0,0,0,0,0,0,0,1,180000,3,2,5,8,7,6,0
-0.663804386256076,0.904838735184847,0.415960665416598,154.0569428,110.703125,0,0,0,0,0,0,0,0,1,182000,3,2,5,8,7,6,0
-0.599950780107508,0.913184344930976,0.393964114936219,210.2299514,153.765625,0,0,0,0,0,0,0,0,1,184000,3,2,5,8,7,6,0
-0.640845116161958,0.909524860676426,0.403880519956302,246.0989655,181.390625,0,0,0,0,0,0,0,0,1,186000,3,2,5,8,7,6,0
-0.718479296641915,0.897279730734958,0.377055128381421,102.9023524,73.484375,0,0,0,0,0,0,0,0,1,188000,3,2,5,8,7,6,0
-0.645552752763264,0.909310118827452,0.415834845991341,115.9749186,84.40625,0,0,0,0,0,0,0,0,1,190000,3,2,5,8,7,6,0
-0.867670039426262,0.873900707310724,0.470712254929578,177.6321897,131.953125,0,0,0,0,0,0,0,0,1,192000,3,2,5,8,7,6,0
-0.706861688144179,0.898493371777516,0.382245285043724,71.1847205,49.4375,0,0,0,0,0,0,0,0,1,194000,3,2,5,8,7,6,0
-0.681724878881871,0.90087651267371,0.39993400017038,63.9988301,43.265625,0,0,0,0,0,0,0,0,1,196000,3,2,5,8,7,6,0
-0.714067349650528,0.899875551190602,0.408440444349563,93.0340727,63.40625,0,0,0,0,0,0,0,0,1,198000,3,2,5,8,7,6,0
